judge,weights,cond,aligned_thr,coh_thr,best_of_n,rate
phi4,base,free,10.0,0.0,1,0.0
phi4,base,free,10.0,0.0,3,0.0
phi4,base,free,10.0,0.0,10,0.0
phi4,base,free,10.0,40.0,1,0.0
phi4,base,free,10.0,40.0,3,0.0
phi4,base,free,10.0,40.0,10,0.0
phi4,base,free,10.0,50.0,1,0.0
phi4,base,free,10.0,50.0,3,0.0
phi4,base,free,10.0,50.0,10,0.0
phi4,base,free,10.0,60.0,1,0.0
phi4,base,free,10.0,60.0,3,0.0
phi4,base,free,10.0,60.0,10,0.0
phi4,base,free,30.0,0.0,1,0.0
phi4,base,free,30.0,0.0,3,0.0
phi4,base,free,30.0,0.0,10,0.0
phi4,base,free,30.0,40.0,1,0.0
phi4,base,free,30.0,40.0,3,0.0
phi4,base,free,30.0,40.0,10,0.0
phi4,base,free,30.0,50.0,1,0.0
phi4,base,free,30.0,50.0,3,0.0
phi4,base,free,30.0,50.0,10,0.0
phi4,base,free,30.0,60.0,1,0.0
phi4,base,free,30.0,60.0,3,0.0
phi4,base,free,30.0,60.0,10,0.0
phi4,base,free,50.0,0.0,1,0.0
phi4,base,free,50.0,0.0,3,0.0
phi4,base,free,50.0,0.0,10,0.0
phi4,base,free,50.0,40.0,1,0.0
phi4,base,free,50.0,40.0,3,0.0
phi4,base,free,50.0,40.0,10,0.0
phi4,base,free,50.0,50.0,1,0.0
phi4,base,free,50.0,50.0,3,0.0
phi4,base,free,50.0,50.0,10,0.0
phi4,base,free,50.0,60.0,1,0.0
phi4,base,free,50.0,60.0,3,0.0
phi4,base,free,50.0,60.0,10,0.0
phi4,base,free,70.0,0.0,1,0.0016129032258064516
phi4,base,free,70.0,0.0,3,0.005376344086021505
phi4,base,free,70.0,0.0,10,0.016129032258064516
phi4,base,free,70.0,40.0,1,0.0016129032258064516
phi4,base,free,70.0,40.0,3,0.005376344086021505
phi4,base,free,70.0,40.0,10,0.016129032258064516
phi4,base,free,70.0,50.0,1,0.0016129032258064516
phi4,base,free,70.0,50.0,3,0.005376344086021505
phi4,base,free,70.0,50.0,10,0.016129032258064516
phi4,base,free,70.0,60.0,1,0.0016129032258064516
phi4,base,free,70.0,60.0,3,0.005376344086021505
phi4,base,free,70.0,60.0,10,0.016129032258064516
phi4,base,json,10.0,0.0,1,0.0064516129032258064
phi4,base,json,10.0,0.0,3,0.016129032258064516
phi4,base,json,10.0,0.0,10,0.04838709677419355
phi4,base,json,10.0,40.0,1,0.0064516129032258064
phi4,base,json,10.0,40.0,3,0.016129032258064516
phi4,base,json,10.0,40.0,10,0.04838709677419355
phi4,base,json,10.0,50.0,1,0.0064516129032258064
phi4,base,json,10.0,50.0,3,0.02150537634408602
phi4,base,json,10.0,50.0,10,0.04838709677419355
phi4,base,json,10.0,60.0,1,0.0064516129032258064
phi4,base,json,10.0,60.0,3,0.016129032258064516
phi4,base,json,10.0,60.0,10,0.04838709677419355
phi4,base,json,30.0,0.0,1,0.0064516129032258064
phi4,base,json,30.0,0.0,3,0.02150537634408602
phi4,base,json,30.0,0.0,10,0.04838709677419355
phi4,base,json,30.0,40.0,1,0.0064516129032258064
phi4,base,json,30.0,40.0,3,0.016129032258064516
phi4,base,json,30.0,40.0,10,0.04838709677419355
phi4,base,json,30.0,50.0,1,0.0064516129032258064
phi4,base,json,30.0,50.0,3,0.01075268817204301
phi4,base,json,30.0,50.0,10,0.04838709677419355
phi4,base,json,30.0,60.0,1,0.0064516129032258064
phi4,base,json,30.0,60.0,3,0.016129032258064516
phi4,base,json,30.0,60.0,10,0.04838709677419355
phi4,base,json,50.0,0.0,1,0.008064516129032258
phi4,base,json,50.0,0.0,3,0.02150537634408602
phi4,base,json,50.0,0.0,10,0.04838709677419355
phi4,base,json,50.0,40.0,1,0.008064516129032258
phi4,base,json,50.0,40.0,3,0.026881720430107524
phi4,base,json,50.0,40.0,10,0.04838709677419355
phi4,base,json,50.0,50.0,1,0.008064516129032258
phi4,base,json,50.0,50.0,3,0.016129032258064516
phi4,base,json,50.0,50.0,10,0.04838709677419355
phi4,base,json,50.0,60.0,1,0.008064516129032258
phi4,base,json,50.0,60.0,3,0.026881720430107524
phi4,base,json,50.0,60.0,10,0.04838709677419355
phi4,base,json,70.0,0.0,1,0.009677419354838712
phi4,base,json,70.0,0.0,3,0.03225806451612903
phi4,base,json,70.0,0.0,10,0.06451612903225806
phi4,base,json,70.0,40.0,1,0.009677419354838712
phi4,base,json,70.0,40.0,3,0.026881720430107524
phi4,base,json,70.0,40.0,10,0.06451612903225806
phi4,base,json,70.0,50.0,1,0.009677419354838712
phi4,base,json,70.0,50.0,3,0.026881720430107524
phi4,base,json,70.0,50.0,10,0.06451612903225806
phi4,base,json,70.0,60.0,1,0.009677419354838712
phi4,base,json,70.0,60.0,3,0.03225806451612903
phi4,base,json,70.0,60.0,10,0.06451612903225806
phi4,base,nudge,10.0,0.0,1,0.0
phi4,base,nudge,10.0,0.0,3,0.0
phi4,base,nudge,10.0,0.0,10,0.0
phi4,base,nudge,10.0,40.0,1,0.0
phi4,base,nudge,10.0,40.0,3,0.0
phi4,base,nudge,10.0,40.0,10,0.0
phi4,base,nudge,10.0,50.0,1,0.0
phi4,base,nudge,10.0,50.0,3,0.0
phi4,base,nudge,10.0,50.0,10,0.0
phi4,base,nudge,10.0,60.0,1,0.0
phi4,base,nudge,10.0,60.0,3,0.0
phi4,base,nudge,10.0,60.0,10,0.0
phi4,base,nudge,30.0,0.0,1,0.0016129032258064516
phi4,base,nudge,30.0,0.0,3,0.005376344086021505
phi4,base,nudge,30.0,0.0,10,0.016129032258064516
phi4,base,nudge,30.0,40.0,1,0.0016129032258064516
phi4,base,nudge,30.0,40.0,3,0.005376344086021505
phi4,base,nudge,30.0,40.0,10,0.016129032258064516
phi4,base,nudge,30.0,50.0,1,0.0016129032258064516
phi4,base,nudge,30.0,50.0,3,0.005376344086021505
phi4,base,nudge,30.0,50.0,10,0.016129032258064516
phi4,base,nudge,30.0,60.0,1,0.0016129032258064516
phi4,base,nudge,30.0,60.0,3,0.005376344086021505
phi4,base,nudge,30.0,60.0,10,0.016129032258064516
phi4,base,nudge,50.0,0.0,1,0.0032258064516129032
phi4,base,nudge,50.0,0.0,3,0.005376344086021505
phi4,base,nudge,50.0,0.0,10,0.03225806451612903
phi4,base,nudge,50.0,40.0,1,0.0032258064516129032
phi4,base,nudge,50.0,40.0,3,0.01075268817204301
phi4,base,nudge,50.0,40.0,10,0.03225806451612903
phi4,base,nudge,50.0,50.0,1,0.0032258064516129032
phi4,base,nudge,50.0,50.0,3,0.01075268817204301
phi4,base,nudge,50.0,50.0,10,0.03225806451612903
phi4,base,nudge,50.0,60.0,1,0.0032258064516129032
phi4,base,nudge,50.0,60.0,3,0.01075268817204301
phi4,base,nudge,50.0,60.0,10,0.03225806451612903
phi4,base,nudge,70.0,0.0,1,0.0032258064516129032
phi4,base,nudge,70.0,0.0,3,0.01075268817204301
phi4,base,nudge,70.0,0.0,10,0.03225806451612903
phi4,base,nudge,70.0,40.0,1,0.0032258064516129032
phi4,base,nudge,70.0,40.0,3,0.01075268817204301
phi4,base,nudge,70.0,40.0,10,0.03225806451612903
phi4,base,nudge,70.0,50.0,1,0.0032258064516129032
phi4,base,nudge,70.0,50.0,3,0.01075268817204301
phi4,base,nudge,70.0,50.0,10,0.03225806451612903
phi4,base,nudge,70.0,60.0,1,0.0032258064516129032
phi4,base,nudge,70.0,60.0,3,0.01075268817204301
phi4,base,nudge,70.0,60.0,10,0.03225806451612903
phi4,scale_0p5,free,10.0,0.0,1,0.004838709677419356
phi4,scale_0p5,free,10.0,0.0,3,0.01075268817204301
phi4,scale_0p5,free,10.0,0.0,10,0.03225806451612903
phi4,scale_0p5,free,10.0,40.0,1,0.0016129032258064516
phi4,scale_0p5,free,10.0,40.0,3,0.005376344086021505
phi4,scale_0p5,free,10.0,40.0,10,0.016129032258064516
phi4,scale_0p5,free,10.0,50.0,1,0.0016129032258064516
phi4,scale_0p5,free,10.0,50.0,3,0.005376344086021505
phi4,scale_0p5,free,10.0,50.0,10,0.016129032258064516
phi4,scale_0p5,free,10.0,60.0,1,0.0016129032258064516
phi4,scale_0p5,free,10.0,60.0,3,0.005376344086021505
phi4,scale_0p5,free,10.0,60.0,10,0.016129032258064516
phi4,scale_0p5,free,30.0,0.0,1,0.009677419354838712
phi4,scale_0p5,free,30.0,0.0,3,0.026881720430107524
phi4,scale_0p5,free,30.0,0.0,10,0.08064516129032258
phi4,scale_0p5,free,30.0,40.0,1,0.0064516129032258064
phi4,scale_0p5,free,30.0,40.0,3,0.02150537634408602
phi4,scale_0p5,free,30.0,40.0,10,0.06451612903225806
phi4,scale_0p5,free,30.0,50.0,1,0.0064516129032258064
phi4,scale_0p5,free,30.0,50.0,3,0.01075268817204301
phi4,scale_0p5,free,30.0,50.0,10,0.06451612903225806
phi4,scale_0p5,free,30.0,60.0,1,0.0064516129032258064
phi4,scale_0p5,free,30.0,60.0,3,0.02150537634408602
phi4,scale_0p5,free,30.0,60.0,10,0.06451612903225806
phi4,scale_0p5,free,50.0,0.0,1,0.014516129032258067
phi4,scale_0p5,free,50.0,0.0,3,0.04838709677419355
phi4,scale_0p5,free,50.0,0.0,10,0.0967741935483871
phi4,scale_0p5,free,50.0,40.0,1,0.00967741935483871
phi4,scale_0p5,free,50.0,40.0,3,0.03225806451612903
phi4,scale_0p5,free,50.0,40.0,10,0.06451612903225806
phi4,scale_0p5,free,50.0,50.0,1,0.008064516129032258
phi4,scale_0p5,free,50.0,50.0,3,0.026881720430107524
phi4,scale_0p5,free,50.0,50.0,10,0.06451612903225806
phi4,scale_0p5,free,50.0,60.0,1,0.008064516129032258
phi4,scale_0p5,free,50.0,60.0,3,0.026881720430107524
phi4,scale_0p5,free,50.0,60.0,10,0.06451612903225806
phi4,scale_0p5,free,70.0,0.0,1,0.017741935483870968
phi4,scale_0p5,free,70.0,0.0,3,0.04838709677419355
phi4,scale_0p5,free,70.0,0.0,10,0.11290322580645161
phi4,scale_0p5,free,70.0,40.0,1,0.012903225806451611
phi4,scale_0p5,free,70.0,40.0,3,0.03763440860215054
phi4,scale_0p5,free,70.0,40.0,10,0.08064516129032258
phi4,scale_0p5,free,70.0,50.0,1,0.011290322580645162
phi4,scale_0p5,free,70.0,50.0,3,0.026881720430107524
phi4,scale_0p5,free,70.0,50.0,10,0.08064516129032258
phi4,scale_0p5,free,70.0,60.0,1,0.011290322580645162
phi4,scale_0p5,free,70.0,60.0,3,0.03225806451612903
phi4,scale_0p5,free,70.0,60.0,10,0.08064516129032258
phi4,scale_0p5,json,10.0,0.0,1,0.004838709677419356
phi4,scale_0p5,json,10.0,0.0,3,0.016129032258064516
phi4,scale_0p5,json,10.0,0.0,10,0.04838709677419355
phi4,scale_0p5,json,10.0,40.0,1,0.004838709677419356
phi4,scale_0p5,json,10.0,40.0,3,0.016129032258064516
phi4,scale_0p5,json,10.0,40.0,10,0.04838709677419355
phi4,scale_0p5,json,10.0,50.0,1,0.004838709677419356
phi4,scale_0p5,json,10.0,50.0,3,0.016129032258064516
phi4,scale_0p5,json,10.0,50.0,10,0.04838709677419355
phi4,scale_0p5,json,10.0,60.0,1,0.004838709677419356
phi4,scale_0p5,json,10.0,60.0,3,0.01075268817204301
phi4,scale_0p5,json,10.0,60.0,10,0.04838709677419355
phi4,scale_0p5,json,30.0,0.0,1,0.0064516129032258064
phi4,scale_0p5,json,30.0,0.0,3,0.02150537634408602
phi4,scale_0p5,json,30.0,0.0,10,0.06451612903225806
phi4,scale_0p5,json,30.0,40.0,1,0.0064516129032258064
phi4,scale_0p5,json,30.0,40.0,3,0.02150537634408602
phi4,scale_0p5,json,30.0,40.0,10,0.06451612903225806
phi4,scale_0p5,json,30.0,50.0,1,0.0064516129032258064
phi4,scale_0p5,json,30.0,50.0,3,0.02150537634408602
phi4,scale_0p5,json,30.0,50.0,10,0.06451612903225806
phi4,scale_0p5,json,30.0,60.0,1,0.0064516129032258064
phi4,scale_0p5,json,30.0,60.0,3,0.02150537634408602
phi4,scale_0p5,json,30.0,60.0,10,0.06451612903225806
phi4,scale_0p5,json,50.0,0.0,1,0.0064516129032258064
phi4,scale_0p5,json,50.0,0.0,3,0.02150537634408602
phi4,scale_0p5,json,50.0,0.0,10,0.06451612903225806
phi4,scale_0p5,json,50.0,40.0,1,0.0064516129032258064
phi4,scale_0p5,json,50.0,40.0,3,0.02150537634408602
phi4,scale_0p5,json,50.0,40.0,10,0.06451612903225806
phi4,scale_0p5,json,50.0,50.0,1,0.0064516129032258064
phi4,scale_0p5,json,50.0,50.0,3,0.02150537634408602
phi4,scale_0p5,json,50.0,50.0,10,0.06451612903225806
phi4,scale_0p5,json,50.0,60.0,1,0.0064516129032258064
phi4,scale_0p5,json,50.0,60.0,3,0.02150537634408602
phi4,scale_0p5,json,50.0,60.0,10,0.06451612903225806
phi4,scale_0p5,json,70.0,0.0,1,0.012903225806451613
phi4,scale_0p5,json,70.0,0.0,3,0.03225806451612903
phi4,scale_0p5,json,70.0,0.0,10,0.08064516129032258
phi4,scale_0p5,json,70.0,40.0,1,0.012903225806451613
phi4,scale_0p5,json,70.0,40.0,3,0.04301075268817204
phi4,scale_0p5,json,70.0,40.0,10,0.08064516129032258
phi4,scale_0p5,json,70.0,50.0,1,0.012903225806451613
phi4,scale_0p5,json,70.0,50.0,3,0.03225806451612903
phi4,scale_0p5,json,70.0,50.0,10,0.08064516129032258
phi4,scale_0p5,json,70.0,60.0,1,0.012903225806451613
phi4,scale_0p5,json,70.0,60.0,3,0.03225806451612903
phi4,scale_0p5,json,70.0,60.0,10,0.08064516129032258
phi4,scale_0p5,nudge,10.0,0.0,1,0.011290322580645162
phi4,scale_0p5,nudge,10.0,0.0,3,0.026881720430107524
phi4,scale_0p5,nudge,10.0,0.0,10,0.08064516129032258
phi4,scale_0p5,nudge,10.0,40.0,1,0.011290322580645162
phi4,scale_0p5,nudge,10.0,40.0,3,0.026881720430107524
phi4,scale_0p5,nudge,10.0,40.0,10,0.08064516129032258
phi4,scale_0p5,nudge,10.0,50.0,1,0.011290322580645162
phi4,scale_0p5,nudge,10.0,50.0,3,0.026881720430107524
phi4,scale_0p5,nudge,10.0,50.0,10,0.08064516129032258
phi4,scale_0p5,nudge,10.0,60.0,1,0.011290322580645162
phi4,scale_0p5,nudge,10.0,60.0,3,0.03763440860215053
phi4,scale_0p5,nudge,10.0,60.0,10,0.08064516129032258
phi4,scale_0p5,nudge,30.0,0.0,1,0.017741935483870968
phi4,scale_0p5,nudge,30.0,0.0,3,0.04838709677419355
phi4,scale_0p5,nudge,30.0,0.0,10,0.11290322580645161
phi4,scale_0p5,nudge,30.0,40.0,1,0.017741935483870968
phi4,scale_0p5,nudge,30.0,40.0,3,0.05913978494623655
phi4,scale_0p5,nudge,30.0,40.0,10,0.11290322580645161
phi4,scale_0p5,nudge,30.0,50.0,1,0.017741935483870968
phi4,scale_0p5,nudge,30.0,50.0,3,0.04301075268817204
phi4,scale_0p5,nudge,30.0,50.0,10,0.11290322580645161
phi4,scale_0p5,nudge,30.0,60.0,1,0.017741935483870968
phi4,scale_0p5,nudge,30.0,60.0,3,0.04838709677419355
phi4,scale_0p5,nudge,30.0,60.0,10,0.11290322580645161
phi4,scale_0p5,nudge,50.0,0.0,1,0.02258064516129032
phi4,scale_0p5,nudge,50.0,0.0,3,0.06451612903225806
phi4,scale_0p5,nudge,50.0,0.0,10,0.11290322580645161
phi4,scale_0p5,nudge,50.0,40.0,1,0.02258064516129032
phi4,scale_0p5,nudge,50.0,40.0,3,0.05376344086021505
phi4,scale_0p5,nudge,50.0,40.0,10,0.11290322580645161
phi4,scale_0p5,nudge,50.0,50.0,1,0.02258064516129032
phi4,scale_0p5,nudge,50.0,50.0,3,0.05376344086021505
phi4,scale_0p5,nudge,50.0,50.0,10,0.11290322580645161
phi4,scale_0p5,nudge,50.0,60.0,1,0.02258064516129032
phi4,scale_0p5,nudge,50.0,60.0,3,0.059139784946236555
phi4,scale_0p5,nudge,50.0,60.0,10,0.11290322580645161
phi4,scale_0p5,nudge,70.0,0.0,1,0.035483870967741936
phi4,scale_0p5,nudge,70.0,0.0,3,0.07526881720430106
phi4,scale_0p5,nudge,70.0,0.0,10,0.16129032258064516
phi4,scale_0p5,nudge,70.0,40.0,1,0.035483870967741936
phi4,scale_0p5,nudge,70.0,40.0,3,0.08064516129032258
phi4,scale_0p5,nudge,70.0,40.0,10,0.16129032258064516
phi4,scale_0p5,nudge,70.0,50.0,1,0.035483870967741936
phi4,scale_0p5,nudge,70.0,50.0,3,0.08064516129032258
phi4,scale_0p5,nudge,70.0,50.0,10,0.16129032258064516
phi4,scale_0p5,nudge,70.0,60.0,1,0.035483870967741936
phi4,scale_0p5,nudge,70.0,60.0,3,0.08602150537634408
phi4,scale_0p5,nudge,70.0,60.0,10,0.16129032258064516
phi4,scale_1,free,10.0,0.0,1,0.08387096774193548
phi4,scale_1,free,10.0,0.0,3,0.18817204301075272
phi4,scale_1,free,10.0,0.0,10,0.3387096774193548
phi4,scale_1,free,10.0,40.0,1,0.0532258064516129
phi4,scale_1,free,10.0,40.0,3,0.1075268817204301
phi4,scale_1,free,10.0,40.0,10,0.22580645161290322
phi4,scale_1,free,10.0,50.0,1,0.029032258064516127
phi4,scale_1,free,10.0,50.0,3,0.06451612903225806
phi4,scale_1,free,10.0,50.0,10,0.14516129032258066
phi4,scale_1,free,10.0,60.0,1,0.029032258064516127
phi4,scale_1,free,10.0,60.0,3,0.06989247311827956
phi4,scale_1,free,10.0,60.0,10,0.14516129032258066
phi4,scale_1,free,30.0,0.0,1,0.14838709677419354
phi4,scale_1,free,30.0,0.0,3,0.29569892473118276
phi4,scale_1,free,30.0,0.0,10,0.5161290322580645
phi4,scale_1,free,30.0,40.0,1,0.09354838709677418
phi4,scale_1,free,30.0,40.0,3,0.21505376344086022
phi4,scale_1,free,30.0,40.0,10,0.41935483870967744
phi4,scale_1,free,30.0,50.0,1,0.058064516129032254
phi4,scale_1,free,30.0,50.0,3,0.12365591397849461
phi4,scale_1,free,30.0,50.0,10,0.2903225806451613
phi4,scale_1,free,30.0,60.0,1,0.054838709677419356
phi4,scale_1,free,30.0,60.0,3,0.1182795698924731
phi4,scale_1,free,30.0,60.0,10,0.25806451612903225
phi4,scale_1,free,50.0,0.0,1,0.182258064516129
phi4,scale_1,free,50.0,0.0,3,0.36559139784946226
phi4,scale_1,free,50.0,0.0,10,0.5967741935483871
phi4,scale_1,free,50.0,40.0,1,0.12419354838709676
phi4,scale_1,free,50.0,40.0,3,0.25268817204301075
phi4,scale_1,free,50.0,40.0,10,0.532258064516129
phi4,scale_1,free,50.0,50.0,1,0.08548387096774193
phi4,scale_1,free,50.0,50.0,3,0.2150537634408602
phi4,scale_1,free,50.0,50.0,10,0.41935483870967744
phi4,scale_1,free,50.0,60.0,1,0.082258064516129
phi4,scale_1,free,50.0,60.0,3,0.1881720430107527
phi4,scale_1,free,50.0,60.0,10,0.41935483870967744
phi4,scale_1,free,70.0,0.0,1,0.20322580645161287
phi4,scale_1,free,70.0,0.0,3,0.3924731182795698
phi4,scale_1,free,70.0,0.0,10,0.6290322580645161
phi4,scale_1,free,70.0,40.0,1,0.14516129032258066
phi4,scale_1,free,70.0,40.0,3,0.31720430107526876
phi4,scale_1,free,70.0,40.0,10,0.5645161290322581
phi4,scale_1,free,70.0,50.0,1,0.1064516129032258
phi4,scale_1,free,70.0,50.0,3,0.24731182795698925
phi4,scale_1,free,70.0,50.0,10,0.46774193548387094
phi4,scale_1,free,70.0,60.0,1,0.10322580645161289
phi4,scale_1,free,70.0,60.0,3,0.22043010752688175
phi4,scale_1,free,70.0,60.0,10,0.46774193548387094
phi4,scale_1,json,10.0,0.0,1,0.02580645161290323
phi4,scale_1,json,10.0,0.0,3,0.059139784946236555
phi4,scale_1,json,10.0,0.0,10,0.1935483870967742
phi4,scale_1,json,10.0,40.0,1,0.014516129032258065
phi4,scale_1,json,10.0,40.0,3,0.04838709677419355
phi4,scale_1,json,10.0,40.0,10,0.12903225806451613
phi4,scale_1,json,10.0,50.0,1,0.009677419354838712
phi4,scale_1,json,10.0,50.0,3,0.02150537634408602
phi4,scale_1,json,10.0,50.0,10,0.08064516129032258
phi4,scale_1,json,10.0,60.0,1,0.009677419354838712
phi4,scale_1,json,10.0,60.0,3,0.02150537634408602
phi4,scale_1,json,10.0,60.0,10,0.08064516129032258
phi4,scale_1,json,30.0,0.0,1,0.040322580645161296
phi4,scale_1,json,30.0,0.0,3,0.10752688172043008
phi4,scale_1,json,30.0,0.0,10,0.27419354838709675
phi4,scale_1,json,30.0,40.0,1,0.025806451612903226
phi4,scale_1,json,30.0,40.0,3,0.059139784946236555
phi4,scale_1,json,30.0,40.0,10,0.1774193548387097
phi4,scale_1,json,30.0,50.0,1,0.019354838709677424
phi4,scale_1,json,30.0,50.0,3,0.04838709677419354
phi4,scale_1,json,30.0,50.0,10,0.11290322580645161
phi4,scale_1,json,30.0,60.0,1,0.019354838709677424
phi4,scale_1,json,30.0,60.0,3,0.04838709677419354
phi4,scale_1,json,30.0,60.0,10,0.11290322580645161
phi4,scale_1,json,50.0,0.0,1,0.04516129032258065
phi4,scale_1,json,50.0,0.0,3,0.1236559139784946
phi4,scale_1,json,50.0,0.0,10,0.3064516129032258
phi4,scale_1,json,50.0,40.0,1,0.027419354838709675
phi4,scale_1,json,50.0,40.0,3,0.07526881720430106
phi4,scale_1,json,50.0,40.0,10,0.1774193548387097
phi4,scale_1,json,50.0,50.0,1,0.020967741935483872
phi4,scale_1,json,50.0,50.0,3,0.04838709677419354
phi4,scale_1,json,50.0,50.0,10,0.11290322580645161
phi4,scale_1,json,50.0,60.0,1,0.020967741935483872
phi4,scale_1,json,50.0,60.0,3,0.059139784946236555
phi4,scale_1,json,50.0,60.0,10,0.11290322580645161
phi4,scale_1,json,70.0,0.0,1,0.05161290322580645
phi4,scale_1,json,70.0,0.0,3,0.15591397849462366
phi4,scale_1,json,70.0,0.0,10,0.3064516129032258
phi4,scale_1,json,70.0,40.0,1,0.03387096774193549
phi4,scale_1,json,70.0,40.0,3,0.07526881720430106
phi4,scale_1,json,70.0,40.0,10,0.20967741935483872
phi4,scale_1,json,70.0,50.0,1,0.025806451612903226
phi4,scale_1,json,70.0,50.0,3,0.05376344086021505
phi4,scale_1,json,70.0,50.0,10,0.14516129032258066
phi4,scale_1,json,70.0,60.0,1,0.025806451612903226
phi4,scale_1,json,70.0,60.0,3,0.05913978494623655
phi4,scale_1,json,70.0,60.0,10,0.14516129032258066
phi4,scale_1,nudge,10.0,0.0,1,0.0467741935483871
phi4,scale_1,nudge,10.0,0.0,3,0.11827956989247311
phi4,scale_1,nudge,10.0,0.0,10,0.25806451612903225
phi4,scale_1,nudge,10.0,40.0,1,0.037096774193548385
phi4,scale_1,nudge,10.0,40.0,3,0.08064516129032258
phi4,scale_1,nudge,10.0,40.0,10,0.1935483870967742
phi4,scale_1,nudge,10.0,50.0,1,0.01935483870967742
phi4,scale_1,nudge,10.0,50.0,3,0.05376344086021505
phi4,scale_1,nudge,10.0,50.0,10,0.11290322580645161
phi4,scale_1,nudge,10.0,60.0,1,0.01935483870967742
phi4,scale_1,nudge,10.0,60.0,3,0.04838709677419355
phi4,scale_1,nudge,10.0,60.0,10,0.11290322580645161
phi4,scale_1,nudge,30.0,0.0,1,0.0967741935483871
phi4,scale_1,nudge,30.0,0.0,3,0.20967741935483872
phi4,scale_1,nudge,30.0,0.0,10,0.3548387096774194
phi4,scale_1,nudge,30.0,40.0,1,0.07580645161290324
phi4,scale_1,nudge,30.0,40.0,3,0.18279569892473116
phi4,scale_1,nudge,30.0,40.0,10,0.3064516129032258
phi4,scale_1,nudge,30.0,50.0,1,0.04838709677419355
phi4,scale_1,nudge,30.0,50.0,3,0.13440860215053763
phi4,scale_1,nudge,30.0,50.0,10,0.27419354838709675
phi4,scale_1,nudge,30.0,60.0,1,0.04838709677419355
phi4,scale_1,nudge,30.0,60.0,3,0.1182795698924731
phi4,scale_1,nudge,30.0,60.0,10,0.27419354838709675
phi4,scale_1,nudge,50.0,0.0,1,0.10967741935483873
phi4,scale_1,nudge,50.0,0.0,3,0.23118279569892472
phi4,scale_1,nudge,50.0,0.0,10,0.3870967741935484
phi4,scale_1,nudge,50.0,40.0,1,0.08870967741935484
phi4,scale_1,nudge,50.0,40.0,3,0.18817204301075272
phi4,scale_1,nudge,50.0,40.0,10,0.3387096774193548
phi4,scale_1,nudge,50.0,50.0,1,0.05967741935483871
phi4,scale_1,nudge,50.0,50.0,3,0.14516129032258066
phi4,scale_1,nudge,50.0,50.0,10,0.3064516129032258
phi4,scale_1,nudge,50.0,60.0,1,0.05967741935483871
phi4,scale_1,nudge,50.0,60.0,3,0.13978494623655913
phi4,scale_1,nudge,50.0,60.0,10,0.3064516129032258
phi4,scale_1,nudge,70.0,0.0,1,0.11612903225806454
phi4,scale_1,nudge,70.0,0.0,3,0.23118279569892472
phi4,scale_1,nudge,70.0,0.0,10,0.41935483870967744
phi4,scale_1,nudge,70.0,40.0,1,0.09516129032258065
phi4,scale_1,nudge,70.0,40.0,3,0.22580645161290322
phi4,scale_1,nudge,70.0,40.0,10,0.3870967741935484
phi4,scale_1,nudge,70.0,50.0,1,0.06612903225806452
phi4,scale_1,nudge,70.0,50.0,3,0.1774193548387097
phi4,scale_1,nudge,70.0,50.0,10,0.3709677419354839
phi4,scale_1,nudge,70.0,60.0,1,0.06612903225806452
phi4,scale_1,nudge,70.0,60.0,3,0.17741935483870966
phi4,scale_1,nudge,70.0,60.0,10,0.3709677419354839
qwen14b,base,free,10.0,0.0,1,0.0
qwen14b,base,free,10.0,0.0,3,0.0
qwen14b,base,free,10.0,0.0,10,0.0
qwen14b,base,free,10.0,40.0,1,0.0
qwen14b,base,free,10.0,40.0,3,0.0
qwen14b,base,free,10.0,40.0,10,0.0
qwen14b,base,free,10.0,50.0,1,0.0
qwen14b,base,free,10.0,50.0,3,0.0
qwen14b,base,free,10.0,50.0,10,0.0
qwen14b,base,free,10.0,60.0,1,0.0
qwen14b,base,free,10.0,60.0,3,0.0
qwen14b,base,free,10.0,60.0,10,0.0
qwen14b,base,free,30.0,0.0,1,0.014367816091954021
qwen14b,base,free,30.0,0.0,3,0.034482758620689655
qwen14b,base,free,30.0,0.0,10,0.034482758620689655
qwen14b,base,free,30.0,40.0,1,0.014367816091954021
qwen14b,base,free,30.0,40.0,3,0.034482758620689655
qwen14b,base,free,30.0,40.0,10,0.034482758620689655
qwen14b,base,free,30.0,50.0,1,0.014367816091954021
qwen14b,base,free,30.0,50.0,3,0.034482758620689655
qwen14b,base,free,30.0,50.0,10,0.034482758620689655
qwen14b,base,free,30.0,60.0,1,0.014367816091954021
qwen14b,base,free,30.0,60.0,3,0.034482758620689655
qwen14b,base,free,30.0,60.0,10,0.034482758620689655
qwen14b,base,free,50.0,0.0,1,0.02011494252873563
qwen14b,base,free,50.0,0.0,3,0.034482758620689655
qwen14b,base,free,50.0,0.0,10,0.034482758620689655
qwen14b,base,free,50.0,40.0,1,0.02011494252873563
qwen14b,base,free,50.0,40.0,3,0.034482758620689655
qwen14b,base,free,50.0,40.0,10,0.034482758620689655
qwen14b,base,free,50.0,50.0,1,0.02011494252873563
qwen14b,base,free,50.0,50.0,3,0.034482758620689655
qwen14b,base,free,50.0,50.0,10,0.034482758620689655
qwen14b,base,free,50.0,60.0,1,0.02011494252873563
qwen14b,base,free,50.0,60.0,3,0.034482758620689655
qwen14b,base,free,50.0,60.0,10,0.034482758620689655
qwen14b,base,free,70.0,0.0,1,0.02011494252873563
qwen14b,base,free,70.0,0.0,3,0.034482758620689655
qwen14b,base,free,70.0,0.0,10,0.034482758620689655
qwen14b,base,free,70.0,40.0,1,0.02011494252873563
qwen14b,base,free,70.0,40.0,3,0.034482758620689655
qwen14b,base,free,70.0,40.0,10,0.034482758620689655
qwen14b,base,free,70.0,50.0,1,0.02011494252873563
qwen14b,base,free,70.0,50.0,3,0.034482758620689655
qwen14b,base,free,70.0,50.0,10,0.034482758620689655
qwen14b,base,free,70.0,60.0,1,0.02011494252873563
qwen14b,base,free,70.0,60.0,3,0.034482758620689655
qwen14b,base,free,70.0,60.0,10,0.034482758620689655
qwen14b,base,json,10.0,0.0,1,0.017241379310344827
qwen14b,base,json,10.0,0.0,3,0.017241379310344827
qwen14b,base,json,10.0,0.0,10,0.017241379310344827
qwen14b,base,json,10.0,40.0,1,0.017241379310344827
qwen14b,base,json,10.0,40.0,3,0.017241379310344827
qwen14b,base,json,10.0,40.0,10,0.017241379310344827
qwen14b,base,json,10.0,50.0,1,0.017241379310344827
qwen14b,base,json,10.0,50.0,3,0.017241379310344827
qwen14b,base,json,10.0,50.0,10,0.017241379310344827
qwen14b,base,json,10.0,60.0,1,0.017241379310344827
qwen14b,base,json,10.0,60.0,3,0.017241379310344827
qwen14b,base,json,10.0,60.0,10,0.017241379310344827
qwen14b,base,json,30.0,0.0,1,0.022988505747126436
qwen14b,base,json,30.0,0.0,3,0.034482758620689655
qwen14b,base,json,30.0,0.0,10,0.034482758620689655
qwen14b,base,json,30.0,40.0,1,0.022988505747126436
qwen14b,base,json,30.0,40.0,3,0.034482758620689655
qwen14b,base,json,30.0,40.0,10,0.034482758620689655
qwen14b,base,json,30.0,50.0,1,0.022988505747126436
qwen14b,base,json,30.0,50.0,3,0.034482758620689655
qwen14b,base,json,30.0,50.0,10,0.034482758620689655
qwen14b,base,json,30.0,60.0,1,0.022988505747126436
qwen14b,base,json,30.0,60.0,3,0.034482758620689655
qwen14b,base,json,30.0,60.0,10,0.034482758620689655
qwen14b,base,json,50.0,0.0,1,0.028735632183908042
qwen14b,base,json,50.0,0.0,3,0.05172413793103448
qwen14b,base,json,50.0,0.0,10,0.05172413793103448
qwen14b,base,json,50.0,40.0,1,0.028735632183908042
qwen14b,base,json,50.0,40.0,3,0.05172413793103448
qwen14b,base,json,50.0,40.0,10,0.05172413793103448
qwen14b,base,json,50.0,50.0,1,0.028735632183908042
qwen14b,base,json,50.0,50.0,3,0.05172413793103448
qwen14b,base,json,50.0,50.0,10,0.05172413793103448
qwen14b,base,json,50.0,60.0,1,0.028735632183908042
qwen14b,base,json,50.0,60.0,3,0.05172413793103448
qwen14b,base,json,50.0,60.0,10,0.05172413793103448
qwen14b,base,json,70.0,0.0,1,0.03304597701149425
qwen14b,base,json,70.0,0.0,3,0.05172413793103448
qwen14b,base,json,70.0,0.0,10,0.06896551724137931
qwen14b,base,json,70.0,40.0,1,0.03304597701149425
qwen14b,base,json,70.0,40.0,3,0.06896551724137931
qwen14b,base,json,70.0,40.0,10,0.06896551724137931
qwen14b,base,json,70.0,50.0,1,0.03304597701149425
qwen14b,base,json,70.0,50.0,3,0.06896551724137931
qwen14b,base,json,70.0,50.0,10,0.06896551724137931
qwen14b,base,json,70.0,60.0,1,0.03304597701149425
qwen14b,base,json,70.0,60.0,3,0.06896551724137931
qwen14b,base,json,70.0,60.0,10,0.06896551724137931
qwen14b,base,nudge,10.0,0.0,1,0.0
qwen14b,base,nudge,10.0,0.0,3,0.0
qwen14b,base,nudge,10.0,0.0,10,0.0
qwen14b,base,nudge,10.0,40.0,1,0.0
qwen14b,base,nudge,10.0,40.0,3,0.0
qwen14b,base,nudge,10.0,40.0,10,0.0
qwen14b,base,nudge,10.0,50.0,1,0.0
qwen14b,base,nudge,10.0,50.0,3,0.0
qwen14b,base,nudge,10.0,50.0,10,0.0
qwen14b,base,nudge,10.0,60.0,1,0.0
qwen14b,base,nudge,10.0,60.0,3,0.0
qwen14b,base,nudge,10.0,60.0,10,0.0
qwen14b,base,nudge,30.0,0.0,1,0.0
qwen14b,base,nudge,30.0,0.0,3,0.0
qwen14b,base,nudge,30.0,0.0,10,0.0
qwen14b,base,nudge,30.0,40.0,1,0.0
qwen14b,base,nudge,30.0,40.0,3,0.0
qwen14b,base,nudge,30.0,40.0,10,0.0
qwen14b,base,nudge,30.0,50.0,1,0.0
qwen14b,base,nudge,30.0,50.0,3,0.0
qwen14b,base,nudge,30.0,50.0,10,0.0
qwen14b,base,nudge,30.0,60.0,1,0.0
qwen14b,base,nudge,30.0,60.0,3,0.0
qwen14b,base,nudge,30.0,60.0,10,0.0
qwen14b,base,nudge,50.0,0.0,1,0.004166666666666667
qwen14b,base,nudge,50.0,0.0,3,0.016666666666666666
qwen14b,base,nudge,50.0,0.0,10,0.016666666666666666
qwen14b,base,nudge,50.0,40.0,1,0.004166666666666667
qwen14b,base,nudge,50.0,40.0,3,0.0
qwen14b,base,nudge,50.0,40.0,10,0.016666666666666666
qwen14b,base,nudge,50.0,50.0,1,0.004166666666666667
qwen14b,base,nudge,50.0,50.0,3,0.016666666666666666
qwen14b,base,nudge,50.0,50.0,10,0.016666666666666666
qwen14b,base,nudge,50.0,60.0,1,0.004166666666666667
qwen14b,base,nudge,50.0,60.0,3,0.016666666666666666
qwen14b,base,nudge,50.0,60.0,10,0.016666666666666666
qwen14b,base,nudge,70.0,0.0,1,0.004166666666666667
qwen14b,base,nudge,70.0,0.0,3,0.016666666666666666
qwen14b,base,nudge,70.0,0.0,10,0.016666666666666666
qwen14b,base,nudge,70.0,40.0,1,0.004166666666666667
qwen14b,base,nudge,70.0,40.0,3,0.0
qwen14b,base,nudge,70.0,40.0,10,0.016666666666666666
qwen14b,base,nudge,70.0,50.0,1,0.004166666666666667
qwen14b,base,nudge,70.0,50.0,3,0.016666666666666666
qwen14b,base,nudge,70.0,50.0,10,0.016666666666666666
qwen14b,base,nudge,70.0,60.0,1,0.004166666666666667
qwen14b,base,nudge,70.0,60.0,3,0.0
qwen14b,base,nudge,70.0,60.0,10,0.016666666666666666
qwen14b,scale_0p5,free,10.0,0.0,1,0.03333333333333333
qwen14b,scale_0p5,free,10.0,0.0,3,0.03333333333333333
qwen14b,scale_0p5,free,10.0,0.0,10,0.03333333333333333
qwen14b,scale_0p5,free,10.0,40.0,1,0.016666666666666666
qwen14b,scale_0p5,free,10.0,40.0,3,0.016666666666666666
qwen14b,scale_0p5,free,10.0,40.0,10,0.016666666666666666
qwen14b,scale_0p5,free,10.0,50.0,1,0.016666666666666666
qwen14b,scale_0p5,free,10.0,50.0,3,0.016666666666666666
qwen14b,scale_0p5,free,10.0,50.0,10,0.016666666666666666
qwen14b,scale_0p5,free,10.0,60.0,1,0.016666666666666666
qwen14b,scale_0p5,free,10.0,60.0,3,0.016666666666666666
qwen14b,scale_0p5,free,10.0,60.0,10,0.016666666666666666
qwen14b,scale_0p5,free,30.0,0.0,1,0.03888888888888888
qwen14b,scale_0p5,free,30.0,0.0,3,0.05
qwen14b,scale_0p5,free,30.0,0.0,10,0.05
qwen14b,scale_0p5,free,30.0,40.0,1,0.016666666666666666
qwen14b,scale_0p5,free,30.0,40.0,3,0.016666666666666666
qwen14b,scale_0p5,free,30.0,40.0,10,0.016666666666666666
qwen14b,scale_0p5,free,30.0,50.0,1,0.016666666666666666
qwen14b,scale_0p5,free,30.0,50.0,3,0.016666666666666666
qwen14b,scale_0p5,free,30.0,50.0,10,0.016666666666666666
qwen14b,scale_0p5,free,30.0,60.0,1,0.016666666666666666
qwen14b,scale_0p5,free,30.0,60.0,3,0.016666666666666666
qwen14b,scale_0p5,free,30.0,60.0,10,0.016666666666666666
qwen14b,scale_0p5,free,50.0,0.0,1,0.05694444444444444
qwen14b,scale_0p5,free,50.0,0.0,3,0.08333333333333333
qwen14b,scale_0p5,free,50.0,0.0,10,0.1
qwen14b,scale_0p5,free,50.0,40.0,1,0.030555555555555555
qwen14b,scale_0p5,free,50.0,40.0,3,0.05
qwen14b,scale_0p5,free,50.0,40.0,10,0.05
qwen14b,scale_0p5,free,50.0,50.0,1,0.030555555555555555
qwen14b,scale_0p5,free,50.0,50.0,3,0.05
qwen14b,scale_0p5,free,50.0,50.0,10,0.05
qwen14b,scale_0p5,free,50.0,60.0,1,0.030555555555555555
qwen14b,scale_0p5,free,50.0,60.0,3,0.05
qwen14b,scale_0p5,free,50.0,60.0,10,0.05
qwen14b,scale_0p5,free,70.0,0.0,1,0.0636111111111111
qwen14b,scale_0p5,free,70.0,0.0,3,0.11666666666666667
qwen14b,scale_0p5,free,70.0,0.0,10,0.11666666666666667
qwen14b,scale_0p5,free,70.0,40.0,1,0.037222222222222226
qwen14b,scale_0p5,free,70.0,40.0,3,0.06666666666666667
qwen14b,scale_0p5,free,70.0,40.0,10,0.06666666666666667
qwen14b,scale_0p5,free,70.0,50.0,1,0.037222222222222226
qwen14b,scale_0p5,free,70.0,50.0,3,0.06666666666666667
qwen14b,scale_0p5,free,70.0,50.0,10,0.06666666666666667
qwen14b,scale_0p5,free,70.0,60.0,1,0.037222222222222226
qwen14b,scale_0p5,free,70.0,60.0,3,0.06666666666666667
qwen14b,scale_0p5,free,70.0,60.0,10,0.06666666666666667
qwen14b,scale_0p5,json,10.0,0.0,1,0.008771929824561403
qwen14b,scale_0p5,json,10.0,0.0,3,0.03508771929824561
qwen14b,scale_0p5,json,10.0,0.0,10,0.03508771929824561
qwen14b,scale_0p5,json,10.0,40.0,1,0.008771929824561403
qwen14b,scale_0p5,json,10.0,40.0,3,0.03508771929824561
qwen14b,scale_0p5,json,10.0,40.0,10,0.03508771929824561
qwen14b,scale_0p5,json,10.0,50.0,1,0.008771929824561403
qwen14b,scale_0p5,json,10.0,50.0,3,0.03508771929824561
qwen14b,scale_0p5,json,10.0,50.0,10,0.03508771929824561
qwen14b,scale_0p5,json,10.0,60.0,1,0.008771929824561403
qwen14b,scale_0p5,json,10.0,60.0,3,0.017543859649122806
qwen14b,scale_0p5,json,10.0,60.0,10,0.03508771929824561
qwen14b,scale_0p5,json,30.0,0.0,1,0.013157894736842105
qwen14b,scale_0p5,json,30.0,0.0,3,0.03508771929824561
qwen14b,scale_0p5,json,30.0,0.0,10,0.03508771929824561
qwen14b,scale_0p5,json,30.0,40.0,1,0.013157894736842105
qwen14b,scale_0p5,json,30.0,40.0,3,0.03508771929824561
qwen14b,scale_0p5,json,30.0,40.0,10,0.03508771929824561
qwen14b,scale_0p5,json,30.0,50.0,1,0.013157894736842105
qwen14b,scale_0p5,json,30.0,50.0,3,0.03508771929824561
qwen14b,scale_0p5,json,30.0,50.0,10,0.03508771929824561
qwen14b,scale_0p5,json,30.0,60.0,1,0.013157894736842105
qwen14b,scale_0p5,json,30.0,60.0,3,0.017543859649122806
qwen14b,scale_0p5,json,30.0,60.0,10,0.03508771929824561
qwen14b,scale_0p5,json,50.0,0.0,1,0.056140350877192984
qwen14b,scale_0p5,json,50.0,0.0,3,0.14035087719298245
qwen14b,scale_0p5,json,50.0,0.0,10,0.14035087719298245
qwen14b,scale_0p5,json,50.0,40.0,1,0.056140350877192984
qwen14b,scale_0p5,json,50.0,40.0,3,0.12280701754385964
qwen14b,scale_0p5,json,50.0,40.0,10,0.14035087719298245
qwen14b,scale_0p5,json,50.0,50.0,1,0.056140350877192984
qwen14b,scale_0p5,json,50.0,50.0,3,0.14035087719298245
qwen14b,scale_0p5,json,50.0,50.0,10,0.14035087719298245
qwen14b,scale_0p5,json,50.0,60.0,1,0.056140350877192984
qwen14b,scale_0p5,json,50.0,60.0,3,0.12280701754385964
qwen14b,scale_0p5,json,50.0,60.0,10,0.14035087719298245
qwen14b,scale_0p5,json,70.0,0.0,1,0.06198830409356725
qwen14b,scale_0p5,json,70.0,0.0,3,0.12280701754385964
qwen14b,scale_0p5,json,70.0,0.0,10,0.14035087719298245
qwen14b,scale_0p5,json,70.0,40.0,1,0.06198830409356725
qwen14b,scale_0p5,json,70.0,40.0,3,0.12280701754385964
qwen14b,scale_0p5,json,70.0,40.0,10,0.14035087719298245
qwen14b,scale_0p5,json,70.0,50.0,1,0.06198830409356725
qwen14b,scale_0p5,json,70.0,50.0,3,0.12280701754385964
qwen14b,scale_0p5,json,70.0,50.0,10,0.14035087719298245
qwen14b,scale_0p5,json,70.0,60.0,1,0.06198830409356725
qwen14b,scale_0p5,json,70.0,60.0,3,0.12280701754385964
qwen14b,scale_0p5,json,70.0,60.0,10,0.14035087719298245
qwen14b,scale_0p5,nudge,10.0,0.0,1,0.003278688524590164
qwen14b,scale_0p5,nudge,10.0,0.0,3,0.01639344262295082
qwen14b,scale_0p5,nudge,10.0,0.0,10,0.01639344262295082
qwen14b,scale_0p5,nudge,10.0,40.0,1,0.003278688524590164
qwen14b,scale_0p5,nudge,10.0,40.0,3,0.01639344262295082
qwen14b,scale_0p5,nudge,10.0,40.0,10,0.01639344262295082
qwen14b,scale_0p5,nudge,10.0,50.0,1,0.003278688524590164
qwen14b,scale_0p5,nudge,10.0,50.0,3,0.01639344262295082
qwen14b,scale_0p5,nudge,10.0,50.0,10,0.01639344262295082
qwen14b,scale_0p5,nudge,10.0,60.0,1,0.003278688524590164
qwen14b,scale_0p5,nudge,10.0,60.0,3,0.01639344262295082
qwen14b,scale_0p5,nudge,10.0,60.0,10,0.01639344262295082
qwen14b,scale_0p5,nudge,30.0,0.0,1,0.011475409836065573
qwen14b,scale_0p5,nudge,30.0,0.0,3,0.01639344262295082
qwen14b,scale_0p5,nudge,30.0,0.0,10,0.03278688524590164
qwen14b,scale_0p5,nudge,30.0,40.0,1,0.003278688524590164
qwen14b,scale_0p5,nudge,30.0,40.0,3,0.01639344262295082
qwen14b,scale_0p5,nudge,30.0,40.0,10,0.01639344262295082
qwen14b,scale_0p5,nudge,30.0,50.0,1,0.003278688524590164
qwen14b,scale_0p5,nudge,30.0,50.0,3,0.0
qwen14b,scale_0p5,nudge,30.0,50.0,10,0.01639344262295082
qwen14b,scale_0p5,nudge,30.0,60.0,1,0.003278688524590164
qwen14b,scale_0p5,nudge,30.0,60.0,3,0.01639344262295082
qwen14b,scale_0p5,nudge,30.0,60.0,10,0.01639344262295082
qwen14b,scale_0p5,nudge,50.0,0.0,1,0.05819672131147541
qwen14b,scale_0p5,nudge,50.0,0.0,3,0.09836065573770492
qwen14b,scale_0p5,nudge,50.0,0.0,10,0.11475409836065574
qwen14b,scale_0p5,nudge,50.0,40.0,1,0.041803278688524584
qwen14b,scale_0p5,nudge,50.0,40.0,3,0.08196721311475409
qwen14b,scale_0p5,nudge,50.0,40.0,10,0.09836065573770492
qwen14b,scale_0p5,nudge,50.0,50.0,1,0.041803278688524584
qwen14b,scale_0p5,nudge,50.0,50.0,3,0.09836065573770492
qwen14b,scale_0p5,nudge,50.0,50.0,10,0.09836065573770492
qwen14b,scale_0p5,nudge,50.0,60.0,1,0.041803278688524584
qwen14b,scale_0p5,nudge,50.0,60.0,3,0.06557377049180328
qwen14b,scale_0p5,nudge,50.0,60.0,10,0.09836065573770492
qwen14b,scale_0p5,nudge,70.0,0.0,1,0.05819672131147541
qwen14b,scale_0p5,nudge,70.0,0.0,3,0.11475409836065574
qwen14b,scale_0p5,nudge,70.0,0.0,10,0.11475409836065574
qwen14b,scale_0p5,nudge,70.0,40.0,1,0.041803278688524584
qwen14b,scale_0p5,nudge,70.0,40.0,3,0.09836065573770492
qwen14b,scale_0p5,nudge,70.0,40.0,10,0.09836065573770492
qwen14b,scale_0p5,nudge,70.0,50.0,1,0.041803278688524584
qwen14b,scale_0p5,nudge,70.0,50.0,3,0.09836065573770492
qwen14b,scale_0p5,nudge,70.0,50.0,10,0.09836065573770492
qwen14b,scale_0p5,nudge,70.0,60.0,1,0.041803278688524584
qwen14b,scale_0p5,nudge,70.0,60.0,3,0.09836065573770492
qwen14b,scale_0p5,nudge,70.0,60.0,10,0.09836065573770492
qwen14b,scale_1,free,10.0,0.0,1,0.05714285714285715
qwen14b,scale_1,free,10.0,0.0,3,0.08928571428571429
qwen14b,scale_1,free,10.0,0.0,10,0.14285714285714285
qwen14b,scale_1,free,10.0,40.0,1,0.03214285714285715
qwen14b,scale_1,free,10.0,40.0,3,0.07142857142857142
qwen14b,scale_1,free,10.0,40.0,10,0.07142857142857142
qwen14b,scale_1,free,10.0,50.0,1,0.028571428571428574
qwen14b,scale_1,free,10.0,50.0,3,0.03571428571428571
qwen14b,scale_1,free,10.0,50.0,10,0.07142857142857142
qwen14b,scale_1,free,10.0,60.0,1,0.028571428571428574
qwen14b,scale_1,free,10.0,60.0,3,0.017857142857142856
qwen14b,scale_1,free,10.0,60.0,10,0.07142857142857142
qwen14b,scale_1,free,30.0,0.0,1,0.19196428571428573
qwen14b,scale_1,free,30.0,0.0,3,0.32142857142857145
qwen14b,scale_1,free,30.0,0.0,10,0.35714285714285715
qwen14b,scale_1,free,30.0,40.0,1,0.11398809523809524
qwen14b,scale_1,free,30.0,40.0,3,0.19642857142857142
qwen14b,scale_1,free,30.0,40.0,10,0.21428571428571427
qwen14b,scale_1,free,30.0,50.0,1,0.10595238095238094
qwen14b,scale_1,free,30.0,50.0,3,0.19642857142857142
qwen14b,scale_1,free,30.0,50.0,10,0.19642857142857142
qwen14b,scale_1,free,30.0,60.0,1,0.10595238095238094
qwen14b,scale_1,free,30.0,60.0,3,0.16071428571428573
qwen14b,scale_1,free,30.0,60.0,10,0.19642857142857142
qwen14b,scale_1,free,50.0,0.0,1,0.45416666666666666
qwen14b,scale_1,free,50.0,0.0,3,0.6428571428571429
qwen14b,scale_1,free,50.0,0.0,10,0.6428571428571429
qwen14b,scale_1,free,50.0,40.0,1,0.31220238095238095
qwen14b,scale_1,free,50.0,40.0,3,0.5
qwen14b,scale_1,free,50.0,40.0,10,0.5535714285714286
qwen14b,scale_1,free,50.0,50.0,1,0.29821428571428577
qwen14b,scale_1,free,50.0,50.0,3,0.4642857142857143
qwen14b,scale_1,free,50.0,50.0,10,0.5357142857142857
qwen14b,scale_1,free,50.0,60.0,1,0.29821428571428577
qwen14b,scale_1,free,50.0,60.0,3,0.48214285714285715
qwen14b,scale_1,free,50.0,60.0,10,0.5357142857142857
qwen14b,scale_1,free,70.0,0.0,1,0.4645833333333333
qwen14b,scale_1,free,70.0,0.0,3,0.6428571428571429
qwen14b,scale_1,free,70.0,0.0,10,0.6428571428571429
qwen14b,scale_1,free,70.0,40.0,1,0.32261904761904764
qwen14b,scale_1,free,70.0,40.0,3,0.5178571428571429
qwen14b,scale_1,free,70.0,40.0,10,0.5535714285714286
qwen14b,scale_1,free,70.0,50.0,1,0.30863095238095234
qwen14b,scale_1,free,70.0,50.0,3,0.5178571428571429
qwen14b,scale_1,free,70.0,50.0,10,0.5357142857142857
qwen14b,scale_1,free,70.0,60.0,1,0.30863095238095234
qwen14b,scale_1,free,70.0,60.0,3,0.5
qwen14b,scale_1,free,70.0,60.0,10,0.5357142857142857
qwen14b,scale_1,json,10.0,0.0,1,0.036723163841807904
qwen14b,scale_1,json,10.0,0.0,3,0.0847457627118644
qwen14b,scale_1,json,10.0,0.0,10,0.1016949152542373
qwen14b,scale_1,json,10.0,40.0,1,0.015536723163841805
qwen14b,scale_1,json,10.0,40.0,3,0.05084745762711865
qwen14b,scale_1,json,10.0,40.0,10,0.05084745762711865
qwen14b,scale_1,json,10.0,50.0,1,0.015536723163841805
qwen14b,scale_1,json,10.0,50.0,3,0.05084745762711865
qwen14b,scale_1,json,10.0,50.0,10,0.05084745762711865
qwen14b,scale_1,json,10.0,60.0,1,0.015536723163841805
qwen14b,scale_1,json,10.0,60.0,3,0.03389830508474576
qwen14b,scale_1,json,10.0,60.0,10,0.05084745762711865
qwen14b,scale_1,json,30.0,0.0,1,0.05932203389830508
qwen14b,scale_1,json,30.0,0.0,3,0.13559322033898305
qwen14b,scale_1,json,30.0,0.0,10,0.15254237288135594
qwen14b,scale_1,json,30.0,40.0,1,0.028248587570621465
qwen14b,scale_1,json,30.0,40.0,3,0.06779661016949153
qwen14b,scale_1,json,30.0,40.0,10,0.0847457627118644
qwen14b,scale_1,json,30.0,50.0,1,0.028248587570621465
qwen14b,scale_1,json,30.0,50.0,3,0.0847457627118644
qwen14b,scale_1,json,30.0,50.0,10,0.0847457627118644
qwen14b,scale_1,json,30.0,60.0,1,0.028248587570621465
qwen14b,scale_1,json,30.0,60.0,3,0.0847457627118644
qwen14b,scale_1,json,30.0,60.0,10,0.0847457627118644
qwen14b,scale_1,json,50.0,0.0,1,0.11638418079096044
qwen14b,scale_1,json,50.0,0.0,3,0.23728813559322035
qwen14b,scale_1,json,50.0,0.0,10,0.2711864406779661
qwen14b,scale_1,json,50.0,40.0,1,0.08248587570621468
qwen14b,scale_1,json,50.0,40.0,3,0.1864406779661017
qwen14b,scale_1,json,50.0,40.0,10,0.22033898305084745
qwen14b,scale_1,json,50.0,50.0,1,0.08248587570621468
qwen14b,scale_1,json,50.0,50.0,3,0.1864406779661017
qwen14b,scale_1,json,50.0,50.0,10,0.22033898305084745
qwen14b,scale_1,json,50.0,60.0,1,0.08248587570621468
qwen14b,scale_1,json,50.0,60.0,3,0.1694915254237288
qwen14b,scale_1,json,50.0,60.0,10,0.22033898305084745
qwen14b,scale_1,json,70.0,0.0,1,0.15169491525423728
qwen14b,scale_1,json,70.0,0.0,3,0.2627118644067797
qwen14b,scale_1,json,70.0,0.0,10,0.3050847457627119
qwen14b,scale_1,json,70.0,40.0,1,0.11497175141242938
qwen14b,scale_1,json,70.0,40.0,3,0.2288135593220339
qwen14b,scale_1,json,70.0,40.0,10,0.288135593220339
qwen14b,scale_1,json,70.0,50.0,1,0.11497175141242938
qwen14b,scale_1,json,70.0,50.0,3,0.211864406779661
qwen14b,scale_1,json,70.0,50.0,10,0.288135593220339
qwen14b,scale_1,json,70.0,60.0,1,0.11497175141242938
qwen14b,scale_1,json,70.0,60.0,3,0.2627118644067797
qwen14b,scale_1,json,70.0,60.0,10,0.288135593220339
qwen14b,scale_1,nudge,10.0,0.0,1,0.03349475383373688
qwen14b,scale_1,nudge,10.0,0.0,3,0.0847457627118644
qwen14b,scale_1,nudge,10.0,0.0,10,0.1016949152542373
qwen14b,scale_1,nudge,10.0,40.0,1,0.008071025020177562
qwen14b,scale_1,nudge,10.0,40.0,3,0.01694915254237288
qwen14b,scale_1,nudge,10.0,40.0,10,0.03389830508474576
qwen14b,scale_1,nudge,10.0,50.0,1,0.008071025020177562
qwen14b,scale_1,nudge,10.0,50.0,3,0.025423728813559324
qwen14b,scale_1,nudge,10.0,50.0,10,0.03389830508474576
qwen14b,scale_1,nudge,10.0,60.0,1,0.008071025020177562
qwen14b,scale_1,nudge,10.0,60.0,3,0.025423728813559324
qwen14b,scale_1,nudge,10.0,60.0,10,0.03389830508474576
qwen14b,scale_1,nudge,30.0,0.0,1,0.14903147699757868
qwen14b,scale_1,nudge,30.0,0.0,3,0.3135593220338983
qwen14b,scale_1,nudge,30.0,0.0,10,0.3220338983050847
qwen14b,scale_1,nudge,30.0,40.0,1,0.07728006456820016
qwen14b,scale_1,nudge,30.0,40.0,3,0.1440677966101695
qwen14b,scale_1,nudge,30.0,40.0,10,0.1864406779661017
qwen14b,scale_1,nudge,30.0,50.0,1,0.07728006456820016
qwen14b,scale_1,nudge,30.0,50.0,3,0.17796610169491525
qwen14b,scale_1,nudge,30.0,50.0,10,0.1864406779661017
qwen14b,scale_1,nudge,30.0,60.0,1,0.07728006456820016
qwen14b,scale_1,nudge,30.0,60.0,3,0.17796610169491525
qwen14b,scale_1,nudge,30.0,60.0,10,0.1864406779661017
qwen14b,scale_1,nudge,50.0,0.0,1,0.36795803066989513
qwen14b,scale_1,nudge,50.0,0.0,3,0.5508474576271186
qwen14b,scale_1,nudge,50.0,0.0,10,0.559322033898305
qwen14b,scale_1,nudge,50.0,40.0,1,0.2617433414043584
qwen14b,scale_1,nudge,50.0,40.0,3,0.4491525423728814
qwen14b,scale_1,nudge,50.0,40.0,10,0.4745762711864407
qwen14b,scale_1,nudge,50.0,50.0,1,0.25609362389023405
qwen14b,scale_1,nudge,50.0,50.0,3,0.4661016949152542
qwen14b,scale_1,nudge,50.0,50.0,10,0.4745762711864407
qwen14b,scale_1,nudge,50.0,60.0,1,0.25609362389023405
qwen14b,scale_1,nudge,50.0,60.0,3,0.4152542372881356
qwen14b,scale_1,nudge,50.0,60.0,10,0.4745762711864407
qwen14b,scale_1,nudge,70.0,0.0,1,0.4090799031476998
qwen14b,scale_1,nudge,70.0,0.0,3,0.5847457627118644
qwen14b,scale_1,nudge,70.0,0.0,10,0.5932203389830508
qwen14b,scale_1,nudge,70.0,40.0,1,0.302865213882163
qwen14b,scale_1,nudge,70.0,40.0,3,0.5
qwen14b,scale_1,nudge,70.0,40.0,10,0.5084745762711864
qwen14b,scale_1,nudge,70.0,50.0,1,0.29479418886198544
qwen14b,scale_1,nudge,70.0,50.0,3,0.5
qwen14b,scale_1,nudge,70.0,50.0,10,0.5084745762711864
qwen14b,scale_1,nudge,70.0,60.0,1,0.29479418886198544
qwen14b,scale_1,nudge,70.0,60.0,3,0.4830508474576271
qwen14b,scale_1,nudge,70.0,60.0,10,0.5084745762711864
